date,transactions,fraud_cases,alerts,fraud_value_gbp,fraud_caught_gbp
2025-03-17,2230.0,19.0,37.0,1048.8600000000001,498.7300000000001
2025-03-18,2262.0,23.0,44.0,1778.72,1011.05
2025-03-19,2267.0,17.0,37.0,1052.61,444.5
2025-03-20,2198.0,19.0,36.0,1040.46,276.5
2025-03-21,2155.0,22.0,28.0,861.9000000000001,395.6
2025-03-22,2205.0,23.0,34.0,1346.7599999999998,494.35999999999996
2025-03-23,2212.0,16.0,38.0,1047.0700000000002,139.76
2025-03-24,2259.0,12.0,26.0,503.90000000000003,290.19000000000005
2025-03-25,2265.0,14.0,38.0,640.26,160.10999999999999
2025-03-26,2238.0,21.0,31.0,998.15,338.53
2025-03-27,2295.0,16.0,37.0,1358.32,364.09
2025-03-28,2146.0,23.0,37.0,1452.1000000000001,1028.89
2025-03-29,2166.0,20.0,39.0,1474.01,742.61
2025-03-30,2219.0,13.0,36.0,1003.72,101.24000000000001
2025-03-31,2197.0,15.0,38.0,1589.87,682.6700000000001
