segment_type,segment,transactions,fraud_cases,recall,false_positive_rate,alert_rate
age_band,18-25,4852,48,0.25,0.012905911740216486,0.015251442704039572
age_band,26-40,11502,76,0.34210526315789475,0.015666024855592507,0.01782298730655538
age_band,41-60,11397,111,0.32432432432432434,0.01213893319156477,0.015179433184171273
age_band,61+,5563,38,0.39473684210526316,0.01248868778280543,0.015099766313140393
region,London,8522,61,0.26229508196721313,0.013473584682661624,0.015254635062191975
region,Midlands,6630,57,0.40350877192982454,0.011714589989350373,0.015082956259426848
region,North West,5613,52,0.40384615384615385,0.014026254270814602,0.017637626937466594
region,Scotland,3338,25,0.4,0.013582855418050106,0.0164769322947873
region,South East,6531,57,0.2631578947368421,0.014056224899598393,0.01623028632674935
region,Wales,2680,21,0.19047619047619047,0.015795411808950735,0.017164179104477612
