feature,mean_abs_shap
is_night,0.3414045729712053
channel_online,0.3380957548813449
is_new_merchant,0.33057055740480107
txn_count_1h,0.29917987148408554
amount_ratio,0.21941362617095125
channel_pos,0.212299411644896
foreign_txn,0.16995639010403762
channel_contactless,0.16834603691029495
category_grocery,0.11593078781818544
device_change,0.10649031602176595
distance_from_home_km,0.10597129423426949
category_restaurants,0.10344868367649597
category_online_retail,0.0938407830113965
channel_atm,0.08597463247133864
log_amount,0.07242771990071517
hour,0.0716671454303509
category_utilities,0.05634424206423439
category_travel,0.050183714324543424
category_electronics,0.044965552133028636
category_atm_cash,0.0431882305185762
category_fuel,0.015353633496747055
amount,0.0016971433285529068
